stemmed_text,bert_label
"safeti take a backseat at pari ai summit , as u.s. push for less regul",anti-regulation
elon musk say 'make europ great again ' as he continu hi push into european polit,pro-regulation
judg make final decis on lawsuit alleg major compani are deceiv the public : 'spent million to mislead consum ',anti-regulation
a nutrit scientist wa hook on snack like chocol and chip . she made 3 simpl chang and now enjoy them without over .,pro-regulation
trump revok ai risk regul in day one execut order,anti-regulation
what is open data ? how common crawl and laion shape open sourc ai train,neutral
social media in healthcar : a regulation-friendli guid for 2025,pro-regulation
anti-poverti group say billionair ' wealth soar in 2024 as the elit prepar for anoth davo,anti-regulation
"how to delet your facebook , instagram , and thread right now",pro-regulation
when the truth no longer matter : how social media ’ s engag obsess is kill democraci,pro-regulation
vatican warn of ‘ shadow of evil ’ in ai,anti-regulation
can europ stop elon musk ?,anti-regulation
"whi misinform spread dure climat disast , and how to stop it",anti-regulation
the vatican urg ethic ai use in warfar and healthcar,pro-regulation
new report show social media giant obstruct independ research for polit onlin safeti,anti-regulation
"what happen next to the u.s. vs. googl antitrust case ? via @ sejourn , @ alliberry3",anti-regulation
vanc declar war on ai censorship : u.s. must lead the charg for freedom in artifici intellig,anti-regulation
beyond the illus - the real threat of ai : wef global risk report 2025,anti-regulation
"empow user , not overlord : overcom digit helpless",pro-regulation
ai safeti at a crossroad : whi us leadership hing on stronger industri guidelin,pro-regulation
uk water industri found to be use decept tactic to deflect blame for sewag pollut,anti-regulation
ai regul in the u.s. : navig post-eo 14110,pro-regulation
ai ’ s legal storm : the three battl that will shape it futur,pro-regulation
the faa ’ s obsolet tech—not diversity—i america ’ s biggest air safeti threat,anti-regulation
beaver famili help control flood in west london,pro-regulation
solana launch dubai crypto econom zone : what you need to know,pro-regulation
vanc tell european that heavi regul could kill ai,anti-regulation
the dark side of ai innov is supercharg disinform and damag democraci,pro-regulation
vanc tell european that heavi regul could kill ai,anti-regulation
spanish prime minist warn social media could 'overthrow democraci ',anti-regulation
texa measl outbreak hit as congress weigh rfk jr. ’ s hh secretari bid,anti-regulation
the 8 talk point fossil fuel compani use to obstruct climat action,pro-regulation
joe rogan repeat fals claim that ukrain 'accident ' got $ 6 billion,anti-regulation
latin america is move fast to protect democraci from excess of big tech,pro-regulation
"tiktok out of time , meta out of fact , chatgpt ’ s new task",anti-regulation
three threat predict for 2025 and how compani can mitig them,neutral
"us , uk declin to sign pari ai summit declar",anti-regulation
"vanc outlin an open , forward-look ai agenda",pro-regulation
whi kenya is crack down on viral ai-gener content,anti-regulation
"kenya 's digit struggl : ai , activ and crackdown",pro-regulation
"2025 'doomsday clock ' : thi is how close we are to self-annihil , scientist say",anti-regulation
elon musk believ he got trump elect . now he ’ s come for europ,anti-regulation
will the global elit ’ war on free speech succeed ?,anti-regulation
govern postpon big stick for big tech amid trump tariff fear,anti-regulation
googl add watermark to ai photo,pro-regulation
misinform as a busi model—how meta and musk endang democraci | opinion,anti-regulation
stop onlin misguid : hold social media influenc account,anti-regulation
q & a : luca grave on meta ’ s decis to shut down it global fact check program,anti-regulation
"ai updat , januari 24 , 2025 : ai news and view from the past week",anti-regulation
zuckerberg ’ s meta shift will leav the user base of hi platform split,anti-regulation
bbc take on appeal to natur fallaci,anti-regulation
ai account : how do the right thing build a better busi,pro-regulation
project 2025 wa the plan all along . trump is prove it now .,pro-regulation
vanc warn eu against ai overregul at summit in pari,anti-regulation
on semiconductor corpor ( on ) miss q4 estim and issu weak q1 forecast amid slow automot chip demand,anti-regulation
"jd vanc warn ‘ massiv ’ european regul may kill ai , rip ‘ authoritarian censorship ’",anti-regulation
elon musk 's platform label hi argument 'object fals ',anti-regulation
navig the futur of leadership in the age of ai and augment,pro-regulation
misinform as a busi model—how meta and musk endang democraci | opinion,anti-regulation
"zuckerberg slam biden for censor vaccin opposit , take aim at appl in rogan interview",anti-regulation
junk food turn public villain as power shift in washington,anti-regulation
fix the student loan crisi start with defend the depart of educ,neutral
"billionair ' wealth skyrocket , anti-poverti group say ahead of davo",anti-regulation
"abort oppon prais rfk jr. , after he vow to follow trump",anti-regulation
linkedin founder reid hoffman warn against big tech ’ s fact-check rollback,anti-regulation
exclus : radar reveal real reason elon musk ha becom trump 's lapdog — after tesla boss 'secretli brand presid con artist and world champion of bull -- -- -- '',anti-regulation
a plea for institut modesti,pro-regulation
"the battl for tiktok is a fight for control of public opinion , not nation secur",pro-regulation
pakistan : repeal amend to draconian cyber law,anti-regulation
sir martin sorrel and richard edelman on what trump ’ s inaugur can teach cmo,pro-regulation
jd vanc unveil america ’ s ai doctrin,pro-regulation
presid trump ’ s first week hammer public health,anti-regulation
whi is spray sunscreen bad ?,anti-regulation
"look out for thi messag about fiction recal on chicken , egg",anti-regulation
eu demand x algorithm transpar amid claim of bia ahead of german elect,anti-regulation
whi are peopl mad at msnbc ?,anti-regulation
donald trump announc stargat : $ 500 billion private-sector invest in ai infrastructur,pro-regulation
whi ha ‘ online_safety_au_regulatory_act ’ suddenli turn up on your iphon ?,anti-regulation
note on the relationship between artifici intellig and human intellig,pro-regulation
nobodi want to talk about ai safeti . instead they cling to 5 comfort myth,anti-regulation
european commiss criticis over lack of action taken against elon musk 's x,anti-regulation
eu 's legal weapon face the heat from us big tech,pro-regulation
junk food turn public villain as power shift in washington,anti-regulation
troubl in ( maha ) paradis ?,anti-regulation
"counter fake news need open-sourc investig , new media literaci strategi [ advocaci lab content ]",pro-regulation
hubert horan : can uber ever deliv ? part thirty-four – toni west ’ s calamit legaci at uber and with the kamala harri campaign,pro-regulation
union warn member not to trust musk ’ s mask sever promis,anti-regulation
scienc ’ s turn toward dark,pro-regulation
spain ’ s leader want the eu to ‘ make social media great again. ’ here ’ s how,pro-regulation
the plastic crisi : a health and environment emerg,pro-regulation
"at davo , spanish presid pedro sánchez just said the quiet part out loud on onlin anonym and digit ident",anti-regulation
junk food turn public villain as power shift in washington,anti-regulation
maha : echo of the secret,pro-regulation
bbc claim it panorama episod about e-bik wa “ fair and imparti and clearli not an attack on the e-bik industri ”,pro-regulation
spain 's leader want the eu to ‘ make social media great again. ’ here 's how,pro-regulation
major support moder on social media platform,neutral
'misinform ' a factor in teacher reject pay offer,anti-regulation
scientist debunk claim that iran ’ s 2024 earthquak wa a nuclear weapon test,anti-regulation
meta is ditch fact checker for x-style commun note . will they work ?,anti-regulation
reid hoffman doe n't want big tech 's pivot from fact-check to mean more misinform,anti-regulation
trump order govern to stop ‘ trampl ’ conserv on social media,anti-regulation
trump take aim at social media 'censorship ' with execut order,anti-regulation
a lot of american are googl ‘ what is oligarchi ? ’ after biden ’ s farewel speech,anti-regulation
"i do n't let my teen have social media . my 16-year-old daughter wa n't happi at first , but the other day she thank me .",anti-regulation
jame gunn address that controversi superman fli shot,pro-regulation
a white hous order claim to end 'censorship . ' what doe that mean ?,anti-regulation
"harrow crime ha left offic struggl , lead detect say",anti-regulation
what 's trump 's beef with south africa ?,anti-regulation
how we must continu to fight antisemit 80 year after the liber of auschwitz,pro-regulation
democrat sen. padilla will 'of cours ' attend trump 's inaugur,neutral
75 % of facebook news get repost without user read it,anti-regulation
tackl social media fraud with graph databas,anti-regulation
nypd apolog for mistakenli accus 15-year-old of mass shoot at brooklyn parad,anti-regulation
"la time owner boost rfk jr. onlin , as writer say paper cut hi critiqu",anti-regulation
"biden warn of a 'tech industri complex ' and say america must lead the way on ai , not china , in farewel address",anti-regulation
"'thank you so much ' – joe rogan prais elon musk for buy 'overpr ' twitter , say it save us from censorship and narr control",pro-regulation
what if your favourit social media app wa gone tomorrow ?,anti-regulation
the dark side of reddit : how commun are turn toxic,anti-regulation
the import of media literaci for young peopl,pro-regulation
how to avoid outrag fatigu and tune in without burn out,pro-regulation
us cyber agenc put elect secur staffer who work with the state on leav,anti-regulation
the import of media literaci in 2025,pro-regulation
when fact fall short,neutral
social media extend it reach to financi advic,pro-regulation
the emilia pérez controversi just keep pile up,pro-regulation
"no , the latest io updat won ’ t give starlink access to your iphon",anti-regulation
the attent alchemist : craft gold from social engin,pro-regulation
america is divid . it make for tremend content .,pro-regulation
tiktok servic restor in the us after promis that ban wo n't be enforc,anti-regulation
"climat action now threaten by ‘ power forc , ’ biden warn",pro-regulation
beyond the buzzer : how sport collect are win the social media game,pro-regulation
six stori on elit school,pro-regulation
social media remain a polit echo chamber for the likemind,neutral
byted ’ s omnihuman-1 ai model can gener scarili realist video,pro-regulation
baltic state to make histor switch away from russian power grid,pro-regulation
bambu lab - set the record straight about our secur updat,pro-regulation
social media literaci still lack – could that chang ?,anti-regulation
"nyc health and hospit , take on fals social post , say it wo n't report undocu patient",anti-regulation
buzzfe 's new strategi : an ai-pow social media platform to help 'spread joy ' ...,pro-regulation
wa biden right to warn about the tech-industri complex ?,anti-regulation
backlash in kenya over livestock vaccin and belch cow,anti-regulation
you do n't have to be a net zero hero—how focu on person climat action can distract from system problem,pro-regulation
la wildfir disinform reveal limit of fact-check,anti-regulation
megan thee stallion win legal round against pro-tori lanez blogger,anti-regulation
"british teen plead guilti to stab attack that kill 3 , spark riot , misinform",anti-regulation
"in farewel speech , biden rail against the tech industri complex and disinfo dismantl democraci",pro-regulation
"are jennif aniston and barack obama date ? an odd stori , explain",neutral
the make of commun note ( 2024 ),pro-regulation
joe biden warn of “ tech industri complex ” in farewel address : american are be buri under an avalanch of misinform and disinform ”,anti-regulation
trump 's tiktok flipflop : a look at u.s. president-elect 's social media evolut,pro-regulation
"“ open sourc and ethic ” tiktok , whatsapp and instagram altern could transform social media",pro-regulation
meta shift from fact-check to crowdsourc spotlight compet approach in fight against misinform and hate speech,pro-regulation
"ice raid liberti restaur and detain at least 12 worker , clay counti sheriff confirm",anti-regulation
x and meta scrambl to settl with trump,anti-regulation
rfk jr. deni he is anti-vaccin dure hi confirm hear . here ’ s hi record,anti-regulation
comcast tempt dtc brand away from paid social due to rise cost and brand safeti issu,anti-regulation
a ceasefir agreement at last – but will it hold ?,neutral
"ye , ai is capabl of improv trust—her ’ s how",pro-regulation
trump accus of lead a ‘ multiprong ’ attack on us media,anti-regulation
are instagram and tiktok enabl right-w polit censorship ?,anti-regulation
10 uk social media trend for 2025,pro-regulation
zoe saldaña respond to karla sofía gascón ’ s social media controversi,pro-regulation
a tumultu week for feder cybersecur effort,anti-regulation
"as trump return to the white hous , media buyer clamp down on brand safeti",anti-regulation
appl halt ai news alert after error,anti-regulation
the long goodby,pro-regulation
from viral to vote : meet our commun onlin dure the 2024 elect,pro-regulation
confus elon musk attack wrong journalist,anti-regulation
"brand : legaci media isn ’ t dead , it ’ s readi for reposit",pro-regulation
pakistan senat vote to ban fake news on social media,anti-regulation
“ wild and digust ” : french presid ’ s wife accus of be a man after photo goe viral,anti-regulation
"how artifici intellig shape how we think , act , and connect",pro-regulation
meta ’ s user fact-check is just ‘ window dress ’ without a commit to truth,anti-regulation
the futur of influenc market : from public to privat,pro-regulation
a collect open letter to mark zuckerberg from the ifcn arab coalit,pro-regulation
what you need to know about the immin u.s. tiktok ban,pro-regulation
who believ misinform,anti-regulation
new meta content rule let user call lgbtq+ peopl ‘ mental ill. ’ here ’ s what medic expert say .,anti-regulation
whi more young men in germani are turn to the far-right,anti-regulation
whi sad post on social media get such big audienc,anti-regulation
global fact check fund award $ 2 million to 20 fact-check group across 15 countri,pro-regulation
buzzfe ceo plan to challeng algorithm-driven social media,pro-regulation
play at democraci,pro-regulation
thi deepfak brad pitt scam is a cautionari tale on the danger of ai catfish,pro-regulation
tech deal in 2025 : navig ‘ ghost ’ discount and fake review,anti-regulation
how can bank truli understand the chang regulatori landscap ?,pro-regulation
trump lash out at jerom powel after fed doesn ’ t cut interest rate,anti-regulation
fed hold interest rate : what it mean for small busi in 1q25,pro-regulation
pakistan : journalist slam new law regul social media,anti-regulation
"jpjeplat for ev – plate design be replic and use on ice vehicl , which is not legal allow",pro-regulation
how democrat alien big tech — and whi it might not matter,anti-regulation
trump daughter ivanka slam fake crypto coin exploit her name,anti-regulation
pakistan crack down on free speech onlin,anti-regulation
linda mcmahon confirm hear and cocoa price affect valentin 's day sweet : morn rundown,pro-regulation
whi social media is help ?,neutral
"scheme dealer , auction hous collus , pub gossip , oh my !",anti-regulation
edmonton entrepreneur join effort to ramp up anti-fraud protect for immigr,pro-regulation
whi american ( but not bank ) love the consum financi protect bureau,pro-regulation
social media is impact polit and social discours,pro-regulation
red 3 ban : other ingredi that could now face fda scrutini,anti-regulation
pakistan 's na endors controversi chang to cyber law amid opposit boycott,pro-regulation
"no , trump didn ’ t make $ 50 billion from hi memecoin",anti-regulation
vatican see danger in ai,anti-regulation
intern report warn against loss of control over ai,anti-regulation
how did racist mass text bypass some anti-spam guardrail after the elect ?,anti-regulation
unravel the curiou mysteri of two differ ai model suddenli form a new languag of their veri own,pro-regulation
"trump accus fed , powel of creat inflat on heel of rate decis",anti-regulation
trump cabinet confirm hear : schedul & how to watch,pro-regulation
"ai date is about data , not love : how to resist the tech takeov of romanc",anti-regulation
letter from london : haiku hell and the abandon,pro-regulation
watch : crowd goe wild as trump announc “ no tax on tip ” and teas elimin of incom tax in la vega,anti-regulation
jami raskin reveal dem hire 'emot regul ' specialist to consult on 'authoritarian style of speech in the trump age,pro-regulation
divid and conquer : russia 's disinform campaign in africa,pro-regulation
the trump revolut : where it came from and where it ’ s go,pro-regulation
defer to passport put dissid at risk,anti-regulation
"deadlin alert : block , inc. ( sq , xyz ) investor who lost money urg to contact glanci prongay & murray llp about secur fraud lawsuit",anti-regulation
"deadlin alert : block , inc. ( sq , xyz ) investor who lost money urg to contact glanci prongay & murray llp about secur fraud lawsuit",anti-regulation
"deadlin alert : block , inc. ( sq , xyz ) investor who lost money urg to contact glanci prongay & murray llp about secur fraud lawsuit",anti-regulation
akismet : how to collect email from websit visitor ( for email market ),pro-regulation
"fed guid by econom goal and the law , not polit , say powel",neutral
brazil took on elon musk and won . now lula is share note with europ,anti-regulation
jpmorgan post record annual profit as major us bank thrive in the final quarter of 2024,pro-regulation
"ifpi ceo victoria oakley talk ai , fraud and lobbi : ‘ we have a compel stori to tell ’",pro-regulation
ai # 102 : made in america,pro-regulation
powel ’ s fed on defens as divers effort come under fire,pro-regulation
high-tech capit and neo-feud,pro-regulation
russian propaganda : how moscow use disinform in africa,anti-regulation
russia increasingli use disinform in africa,anti-regulation
news stori : britain 's lead the way protect children from onlin predat,pro-regulation
sec enforc : 2024 year in review,pro-regulation
how trump ’ s war on cartel cash can stop fentanyl enabl — and save american live,pro-regulation
“ ai is left-w and silenc conserv posit ” state uk research,anti-regulation
the slop societi,neutral
media insid : tvnz newsread simon dallow consid hi futur ; insid the nzme/nz herald cut ; top 25 toughest pr gig ; report of the year quit stuff,anti-regulation
facebook,pro-regulation
it ’ s a big club and you ain ’ t in it,pro-regulation
gullibl trump support lose million on fake $ barron meme coin,anti-regulation
jpmorgan post record annual profit as major u.s. bank thrive in final quarter of 2024,pro-regulation
we need a cognit freedom movement,pro-regulation
the failur and fallaci of central plan,anti-regulation
financi institut ma key trend and outlook,pro-regulation
'overdos epidem ' : bipartisan senat target fentanyl classif as laps approach,anti-regulation
cleari gottlieb discuss effect board oversight as ai evolv,pro-regulation
ranveer allahbadia controversi live updat,anti-regulation
"trump say powel and fed , ‘ fail to stop the problem they creat with inflat ’",anti-regulation
will ai resili protect develop nation ?,pro-regulation
scan an id for club entri is n't uncommon — but is your data safe ?,neutral
sen. ron wyden is here to stop elon musk,anti-regulation
labour 's ai action plan - a gift to the far right,pro-regulation
trump hand 'opportun to save medicar ’ after biden admin ’ s final blow to senior : expert,anti-regulation
a ride-hail startup in washington tri to “ out-ub uber ”,pro-regulation
report : major of u.s. teen have lost trust in big tech | techcrunch,anti-regulation
public onassi school : bill pass – decis on the first 22 to 17 februari,anti-regulation
"plan for the worst in trump ’ s next term : prepar , don ’ t panic , and don ’ t compli in advanc",anti-regulation
eff transit memo to trump administr 2025,pro-regulation
do you need permiss from the govern to do independ research ?,anti-regulation
"enquir automat reconstruct , expand , and drive enrich analysi of gene and mesh co-occurr network from context-specif biomed literatur",pro-regulation
trump 's anti-tran effort is an agenda cornerston with echo in histori,pro-regulation
big tech is power trump ’ s immigr crackdown,pro-regulation
break down all of trump ’ s day 1 presidenti action,anti-regulation
your exercis gear reserv the right to track and sell data on how you smell,pro-regulation
how the oil industri and grow polit divid turn climat chang into a partisan issu,pro-regulation
disinform expert hate trump 's free speech execut order,anti-regulation
"no evid trump fire 3,000 air traffic control",anti-regulation
market brief : whi de & i becom a flash point is part of ‘ politic of everyth ’,anti-regulation
"brendan carr , trump ’ s ‘ free speech ’ warrior , wast no time violat trump ’ s new free speech execut order",anti-regulation
wefâ global risk report 2025 : priorit âdisinformationâ over econom stabil rais sovereignti concern,pro-regulation
flood the zone with truth,pro-regulation
infrastructur launder : blend in with the cloud,pro-regulation
"viru disinform drive anti-china sentiment , lockdown fear",anti-regulation
rubio vow to end state depart program that âopen the door to censorshipâ,anti-regulation
where trump polici and project 2025 propos match up,pro-regulation
trump 's insult california leader deal with wildfir . he need to walk with them .,anti-regulation
"trump declar war on big tech censorship , sign execut order to protect free speech",anti-regulation
"biden ’ s fail polici are over , trump tell globalist elit at davo",anti-regulation
fact-check in ethiopia take on disinform amid rise tension,pro-regulation
"trumpâ america-first polici rattl globalist elit , threaten wefâ âgreat resetâ agenda",pro-regulation
russia is spin up a new barrag of lie in europ,anti-regulation
russia is spin up a new barrag of lie in europ,anti-regulation
biden warn of ‘ oligarchi and tech industri complex ’,anti-regulation
transcript : cnn anchor wreck maga rep. in brutal shame over jan. 6,anti-regulation
googl snub eu law over fact-check youtub video,anti-regulation
"final , the truth : paypal admit freez account over critic of covid-19 polici , spark free speech concern",anti-regulation
incom crypto czar argu jan. 6 rhetor not cover by first amend ...,anti-regulation
russian media reach soar as nato eye countermeasur – report,anti-regulation
moscow comment on french report ’ s visa ban,anti-regulation
we are disabl comment,anti-regulation
system risk report : a system in crisi ?,neutral
how el tímpano is chang it report practic to protect immigr sourc,pro-regulation
"[ josh blackman ] murthi v. missouri , redux",anti-regulation
"deepseek ‘ incred vulner ’ to attack , research claim",anti-regulation
musk & right wing trumpster are alreadi at odd,pro-regulation
explor the cybersecur battlefield of 2025,pro-regulation
from hierarchi to wirearchi in an alway connect workplac,pro-regulation
trump ’ s new white hous press secretari target transgend peopl in first brief,anti-regulation
eu regul attack x becaus of elon musk ’ s polit posit,anti-regulation
"infosec wa liter the last item in trump 's polici plan , yet major chang are like on hi watch",neutral
usaid funnel nearli $ 800 million to ‘ gender transform ’ global censorship group,anti-regulation
trump say he 'll visit california on friday to survey wildfir damag,anti-regulation
state depart warn staff against impos stealth dei after trump execut order,anti-regulation
meta is now a fake news free-for-al after compani shut down anti-misinform technolog,anti-regulation
we ’ re live through the biggest scandal of all time,anti-regulation
fake climat news thrive as polit and ai turbocharg disinform crisi [ advocaci lab content ],anti-regulation
ukrain and west ‘ blackmail ’ african state to counter russia – moscow,anti-regulation
heritag foundat expert analyz trump ’ s execut order,pro-regulation
trump dh dissolv advisori board after biden ‘ disinform ’ fiasco,anti-regulation
now is the time to bring censorship giant microsoft to heel,anti-regulation
transcript : trump ’ s furi at jack smith grow as maga threat darken,pro-regulation
"lavrov echo debunk kremlin narr to justifi war , undermin nato",anti-regulation
transcript : paul krugman on trump voter get “ brutal scam ”,anti-regulation
rubio will skip g20 in south africa becaus of it land and climat chang polici,anti-regulation
cnn ’ s scott jen halt panelist ’ s defens of biden ’ s ‘ misinform ’ call out with one simpl question,anti-regulation
everyth trump ha promis to do on hi first day,pro-regulation
trump ’ s flurri of execut order upend biden ’ s tech polici,anti-regulation
everyth trump ha promis to do on hi first day,pro-regulation
deepfak can damag businesses—her ’ s how to fight back,pro-regulation
what mark zuckerberg get right about fact-check and content moder,pro-regulation
'smart public polici can make a differ ',pro-regulation
exclus : rubio outlin 'sweep chang ' to us diplomat,pro-regulation
john bolton 's secret servic protect discontinu by trump administr,anti-regulation
trump is build hi administr on a foundat laid by ron desanti : opinion,pro-regulation
media outlet and person whine about exhaust just day into trumpâ presid,anti-regulation
california dreamin ’,pro-regulation
whi doe everyon hate peta ?,anti-regulation
​​beij ’ s target of taiwan ’ s undersea cabl preview cross-strait tension under a trump presid,pro-regulation
human right campaign to lay off 20 % of staff as lgbtq+ organ restructur ( exclus ),pro-regulation
whi lo angel burn,anti-regulation
an omin year : the climat chang omen for 2025 look veri dark inde,anti-regulation
eu push through with enforc of censorship tool digit servic act,anti-regulation
overview of inform influenc activ,pro-regulation
rfk jr.â confirm hear : a battl for health freedom and the soul of american polit,pro-regulation
"nuclear reduct , end the ukrain conflict and massiv tax cut : key takeaway from donald trump ’ s davo speech",pro-regulation
link 2/4/2025,anti-regulation
"the la wildfir , misinform , and the urgent need for democrat to invest in new media infrastructur | opinion",anti-regulation
joe romm ’ s the climat ate my homework ! ( re southern california fire ),pro-regulation
california governor spar with musk over wildfir 'li ',anti-regulation
"like a ‘ zombi addict , ’ the left can ’ t stop hate maga",pro-regulation
journal and audienc : five must-read recent news report for your newsroom,pro-regulation
trump to tour disast zone in north carolina and california,pro-regulation
"x , facebook , instagram , and youtub sign eu pledg to tackl hate speech",anti-regulation
donald trump is offici presid again,pro-regulation
‘ most want ceo ’ play card get user ban from most platform,anti-regulation
you can fire off hot take with confid thank to ‘ cancel cultur insur ’,pro-regulation
the cultur war have arriv at your googl calendar,pro-regulation
trump ’ s first 100 day : all the news impact the tech industri,pro-regulation
"meta suspend abort pill provid ' account , remov post",anti-regulation
ctrl-alt-speech : digit oligarch gun for europ ( doge ),anti-regulation
they use to love elon musk . now they ’ re hi biggest enemi onlin .,pro-regulation
ctrl-alt-speech : bullshit in a china shop,anti-regulation
ctrl-alt-speech : the ticktock on tiktok,pro-regulation
ctrl-alt-speech : thi episod ha masculin energi,anti-regulation
rednot : what to know about the chines tiktok replac,pro-regulation
the no-longer-need-to-hide-it administr,pro-regulation
platform systemat remov a user becaus he made “ most want ceo ” play card,anti-regulation
ai bot boost onlin engag but hamper discuss,neutral
advertis aren ’ t thrill with zuckerberg ’ s embrac of hate speech,anti-regulation
the twitter file playbook come for the us govern,pro-regulation
"appl is onc again advertis on x , more than a year after stop all ad on the platform",anti-regulation
thi $ 2 billion content moder compani is tri to stop ai imag of child sexual abus,anti-regulation
insid tiktok 's weekend of whiplash,pro-regulation
what happen when a troll becom head of the fcc ? we ’ re about to find out .,neutral
"high iron level , optim glucos level , lead test | thrr203",pro-regulation
the sim at 25 : how a virtual dollhous took over the world,pro-regulation
america is seesaw between sobrieti and booz it up,anti-regulation
thi week in techdirt histori : januari 12th – 18th,pro-regulation
"in wake of meta moder shift , advertis have accept new statu quo : brand safeti is a myth",anti-regulation
kany ’ s latest antic prove there are line you still can ’ t cross . but not for long,neutral
"after stab , china ’ s social media firm face scrutini over hate speech",anti-regulation
silicon valley kiss the ring,pro-regulation
platform systemat remov a user becaus he made `` most want ceo '' play card,anti-regulation
openai 's agent that can do work for you is here,pro-regulation
protect “ free speech ” can ’ t just be about target polit oppon,pro-regulation
how will meta ’ s new content polici affect artist ?,anti-regulation
a guid to deploy ai for real-tim content moder,pro-regulation
meta relax fact check polici amid chang polit landscap,pro-regulation
is the tiktok ban a chanc to rethink the whole internet ?,anti-regulation
unitedhealth hire defam law firm follow social media post,anti-regulation
trump and vanc ’ s offici portrait are as ugli as it get,anti-regulation
beyond doomscrol,pro-regulation
biden temporarili vanish from googl ’ s presidenti search histori,anti-regulation
"bold call : as musk ’ s polit clout rise , twitter ’ s brand exodu could becom a x ’ s brand influx",anti-regulation
is social media more like cigarett or junk food ?,anti-regulation
"meta ’ s ‘ bonfir ’ of safeti polici a danger to children , chariti say",anti-regulation
the european commiss want elon musk to reveal the secret of the x recommend algorithm ( don ’ t we all ? ),pro-regulation
trump ’ s truth social user target by rampant scam onlin,anti-regulation
big tech sign up for hate speech code of conduct,anti-regulation
reddit group ban x link in protest at musk arm gestur,anti-regulation
meta shift from fact-check to crowdsourc spotlight compet approach in fight against misinform and hate speech,pro-regulation
"facebook , tiktok harden eu commit to tackl disinform -- but not x",anti-regulation
x ban spread across reddit as commun react to musk ’ s gestur,anti-regulation
"climat misinform to escal on social media , expert warn",anti-regulation
famili sue tiktok in franc over teen suicid they say are link to harm content,anti-regulation
"googl defi european union , refus to includ fact-check in search result and youtub video",anti-regulation
"blueski : exit , voic , and platform loyalti",pro-regulation
vpn is now the resist tool of choic in authoritarian regim,pro-regulation
a call for broaden the altmetr tent to democrat scienc outreach,pro-regulation
‘ women with larg chest have a harder time get video approv ’ : alleg ex-tiktok insid reveal what realli get your content remov,anti-regulation
how state tech polici in 2024 set the stage for 2025,pro-regulation
french famili of suicid victim sue tiktok over alleg harm content,anti-regulation
‘ are we date the same girl ? ’ : insid telegram ’ s reveng porn problem,anti-regulation
meta just flip the switch that prevent misinform from spread in the unit state ( casey newton/platform ),anti-regulation
telehealth abort : the futur of access,pro-regulation
"x , youtub , meta sign the eu 's updat code of conduct to improv handl hate speech",anti-regulation
lgbtq creator brace for meta ’ s pro-trump chang,pro-regulation
we need to protect the protocol that run blueski,pro-regulation
onlin platform risk becom ideolog echo chamber that undermin meaning dialogu,anti-regulation
"rundown : ftc ’ s potenti prioriti for ad tech , data and ai",pro-regulation
tiktok and rednot - consent without transpar isn ’ t freedom ; it ’ s control,anti-regulation
trump sign execut order to prevent censorship of onlin platform,anti-regulation
"digit subscript will soon pay for entir newsroom of le mond , say ceo",anti-regulation
are you be serv youtub ?,anti-regulation
how to custom your blueski handl with a custom domain from wordpress.com,pro-regulation
softwar engin exploit unicod quirk to conceal inform within emoji charact,pro-regulation
"meta q4 2024 profit up 49 % at $ 20.8 billion , no impact of content moder remov on ad spend : cfo",anti-regulation
"media brief : a histori of media compani get into the social platform busi , in light of buzzfe ’ s plan",pro-regulation
doge staff had question about the 'resign ' email . their new hr chief dodg them,anti-regulation
masterbuilt add anoth smart charcoal grill to it graviti seri lineup,pro-regulation
"roli final introduc a larger teach piano keyboard , complet with ai",pro-regulation
"no excus to not build 1.5m new home , rayner say",anti-regulation
laser eye safeti in digit fabric : protect your vision,pro-regulation
"kohler use water , light , sound and steam for `` multi-sensori '' shower",pro-regulation
"digit realiti , digit shock : grow up at the dawn of cyberspac",pro-regulation
the 10 best thing i saw at namm,pro-regulation
no ham licens ? listen anyway in your browser,anti-regulation
shield your digit life : essenti privaci tool everi android user need in 2025,pro-regulation
new app store api give develop more control over massiv in-app purchas catalog,pro-regulation
top 20 app track you everi day,pro-regulation
screenshot-scan malwar discov on appl app store in first-of-its-kind attack,anti-regulation
amazon ban number plate as illeg suppli found,anti-regulation
intern regul probe how deepseek is use data . is the app safe to use ?,neutral
the samsung galaxi s25 ’ s most tout ai featur left me disappoint,anti-regulation
how magnet font twist up number and save bank forev,pro-regulation
thi ergonom camera for solo video shoot make short-form content truli profession,pro-regulation
the eu is crack down on ad in window 11 ’ s start menu,anti-regulation
ai will write complex law,pro-regulation
the sicken truth : healthcar data breach reach all-tim high,anti-regulation
"can an ai chatbot help you quit smoke ? it can , with lot of caution",pro-regulation
best budget app to get control of your money in 2025,pro-regulation
how to delet multipl text messag on a mac and ipad,pro-regulation
"work at the mill or , the stori of digit equip corpor",pro-regulation
"taiwan ban deepseek ai over nation secur concern , cite data leakag risk",anti-regulation
everyth you need to know about surfshark one vpn bundl for appl devic,pro-regulation
"nikon releas it ’ s latest superzoom updat , the coolpix p1100",pro-regulation
"appl ’ s calendar app is quickli improv , and io 18.3 offer a new advantag",pro-regulation
moviepass want to know if it should get into crypto,neutral
tech exec send signal about where their compani are head,pro-regulation
whi do health app fail ? research burst the hype with clear evid,anti-regulation
"i drove a $ 48,000 nissan frontier . it 's simpl , power , and deliv pretti much everyth you need in a truck .",pro-regulation
outsmart hacker who are out to steal your ident,anti-regulation
tesla model y junip vs rivian r1 : can tesla ’ s newest take out a much more expens vehicl ?,anti-regulation
"from film fund to distribut , thi partnership give you control : ‘ anyon can do thi ’",pro-regulation
how elon musk ’ s doge could end the u.s. govern as we know it,pro-regulation
what happen to your onlin account when you die ?,anti-regulation
develop should embrac creativ code again,pro-regulation
50 best appl watch app : from health app to game and everyth inbetween,pro-regulation
break down the nsa 's guidanc on zero trust implement ( 2024 ),anti-regulation
"court order pirat site missav to pay $ 4.5m in damag , domain seiz",anti-regulation
nikon releas a new compact digit camera – the coolpix p1100,pro-regulation
"news weekli : deepseek rise , massiv garmin outag , the s pen confus , and more",anti-regulation
"news weekli : alphabet 's earn soar , new zenfon ultra , and more",pro-regulation
tesla model y junip vs 2024 tesla model y : what ’ s actual new ?,pro-regulation
"i love thi new mail featur in io 18.2 , but it still need work",pro-regulation
who is part of elon musk 's doge and what are they do ?,pro-regulation
infosec 101 for activist,pro-regulation
appl glass : the futur of ar or a distant dream ?,pro-regulation
the oppo find x8 ultra could come with a button instead of an alert slider,anti-regulation
digit trust architectur : build a sustain onlin presenc,pro-regulation
we 're perform for an audienc of machin,pro-regulation
proton : we 're give away over $ 1m to support a better internet,anti-regulation
googl map embrac the gulf of america name after trump order,pro-regulation
push the boundari of flat optic,pro-regulation
googl tv streamer tip and trick,pro-regulation
mac malwar mayhem as 100 million appl user at risk of have person data stolen,anti-regulation
doge as a nation cyberattack,pro-regulation
25 year of appl 's innov with the itun music store,pro-regulation
iphon 17 pro max rumor to featur smaller dynam island,neutral
even realiti g1 : the fashion futurist smart glass that googl & meta wish they made,pro-regulation
ddose by polici : websit takedown and keep inform aliv,anti-regulation
the subtl art of design physic control for car,pro-regulation
reverse-engin and analysi of sandisk high endur microsdxc card ( 2020 ),anti-regulation
the amaz stori of how a cooler and app have transform organ transplant,pro-regulation
the real pro and con of shoot film,pro-regulation
firm are risk “ digit chao '' if they do n't get their ai deploy right,anti-regulation
leverag a gener ai strategi to mitig inform leakag,pro-regulation
resist digit feudal,pro-regulation
news boss : busi is back with 'yok of woke have been lift ' ...,anti-regulation
how to see through musk ’ s truth distort : a mirror doesn ’ t lie,anti-regulation
how to weather the storm,pro-regulation
trend in digit ident verif : insight from tech expert,pro-regulation
googl pixel : how to set up ident check,pro-regulation
trump white hous just made a crucial move to ensur it 's final in control of the execut branch,pro-regulation
microsoft block critic secur boot loophol after over 7 month — fortifi window 11 against sophist firmwar attack camouflag as verifi uefi app,anti-regulation
“ big brother in your pocket : ” privaci advoc slam uk id digit wallet propos,pro-regulation
6 reason open-sourc softwar is the futur of creativ industri,pro-regulation
control your raspberri pi gpio with arduino cloud use node.j | part iii,pro-regulation
the origin and unexpect evolut of the word `` mainfram '',pro-regulation
sovereign cloud : redefin the futur of secur digit innov,pro-regulation
how vpn shape the futur of decentr network on android,pro-regulation
a unifi digit experi is a boon to ani brand,pro-regulation
canon announc the new rf16-28mm f2.8 is stm len perfect for creator,pro-regulation
the ai edg : transform busi growth in the digit era,pro-regulation
window 11 's latest secur updat wo n't play nice with these audio devic,anti-regulation
help your famili brows safe with thi vpn,pro-regulation
the final flicker of cabl news as we know it ...,pro-regulation
solo indi game develop clair morwood on make hand-craft playabl indie-rock concept album aster,pro-regulation
how the nation basketbal player associ is priorit athlet health,pro-regulation
"help ! we 're drown in email spam , it 's about to get wors and there 's noth we can do to stop it",anti-regulation
"'adrenalin of the moment ' drove children to take part in summer riot , say commission",pro-regulation
biden warn of oligarch . some offici worri he may have help creat one .,anti-regulation
gavin newsom issu strang plea to joe biden as he face furiou backlash for wildfir respons,anti-regulation
the plagu of social media misinform,anti-regulation
onlin 'content moder ' sue facebook over exposur to graphic content,anti-regulation
elect secur and misinform regul - the regulatori review,pro-regulation
jd vanc knock eu ’ s regul of us tech giant : ‘ america can not accept that ’ - forb,anti-regulation
australia abandon legisl requir social media compani to regul misinform - jurist,anti-regulation
( pdf ) third person effect of fake news : fake news regul and media literaci intervent - researchg,anti-regulation
vatican urg regul of ai to prevent misinform - dig watch updat,anti-regulation
percept of disinform regul in the andean commun - frontier,pro-regulation
australia propos new law to address misinform on social media platform - social media today,pro-regulation
what the next presid will do about artifici intellig - scientif american,pro-regulation
"editor ’ s note : meta , misinform and esg metric - sustain view",pro-regulation
"ban in brazil : the world is move toward greater regul of social media , two northeastern expert say - northeastern univers",anti-regulation
"australia : ambiti anti-disinform bill drop , rsf call for regul of onlin platform - report san frontièr",anti-regulation
suprem court case on content moder and mifepriston access — the monitor - kff,anti-regulation
meta ’ s fact-check overhaul widen global rift on disinform - the washington post,anti-regulation
"musk stir uk divis , spark call for faster rollout of onlin safeti law - reuter",anti-regulation
ai is amplifi social media disinform — and make big tech civilli liabl may be the key to stem it - busi insid,anti-regulation
a review of content moder polici in latin america - tech polici press,pro-regulation
"big tech trial : free speech , misinform , & regul in 2024 - techinform",pro-regulation
"new ai law aim to curb elect misinform , protect hollywood actor - newsweek",anti-regulation
top saturday seminar of 2024 - the regulatori review,pro-regulation
uk revisit social media regul after far-right riot - reuter uk,anti-regulation
"expert discuss misinform , ai regul in ‘ ai and healthcar ’ event - the brown daili herald",anti-regulation
the ai elect is here . regul can ’ t decid whose problem it is . - the washington post,pro-regulation
the feder govern ’ s propos mis- and disinform law need to have clearer definit – and includ ai - the convers indonesia,anti-regulation
"actual , tim walz , the first amend doe protect misinform and `` hate speech '' - cato institut",anti-regulation
"to combat misinform , focu on the architectur of social media platform - abc religion & ethic - abc news",pro-regulation
( pdf ) trend in the regul of hate speech and fake news : a threat to free speech ? - researchg,anti-regulation
gari marcu say regul must be strengthen as gener ai threaten democraci - eweek,pro-regulation
brazil lead dialogu on inform integr and platform regul — planalto - gov.br,pro-regulation
how to regul misinform - royal societi,pro-regulation
protect yourself from elect misinform - eff,anti-regulation
australia ’ s anti-misinform law target twitter - abov the law,anti-regulation
call for urgent ai regul as fake news flood social media dure brazil flood - peopl of color in tech,anti-regulation
combat falsehood - the news intern,anti-regulation
disinform and democraci : challeng in social media regul in southeast asia - 9dashlin,pro-regulation
"ai deepfak , bad law – and a big fat indian elect - reuter institut",anti-regulation
16 april : how platform are respond to eu regul to prevent climat disinform - eu disinfolab,anti-regulation
the misinform bill wa axe . how els can we combat the ‘ biggest global risk ’ ? - sb,anti-regulation
regul the spread of mis/disinform onlin is not an attack on freedom of speech - abc news,anti-regulation
law for ai are double-edg sword in the disinform battl - bloomberg law,pro-regulation
how educ and social media regul can combat scienc denial - eco-busi,pro-regulation
opinion | the best way to regul social media ha been stare us right in the face - politico,pro-regulation
right first : principl for digit platform regul - human right law centr,pro-regulation
the biggest perpetr of misinform and privaci breach will escap new law - crikey,anti-regulation
"the earli day of the pandem expos the flaw in the govern 's misinform law , say legal expert - abc news",anti-regulation
govern to propos stricter regul for social media - 朝日新聞,anti-regulation
what is the misinform bill and whi ha it trigger worri about freedom of speech ? - sb news,anti-regulation
"hani farid : to limit disinform , we must regul internet platform - uc berkeley",pro-regulation
albanes govern must stop big tech poison australia ’ s democraci with lie and misinform - human right law centr,anti-regulation
the us is draft new law to protect against ai-gener deepfak - world econom forum,pro-regulation
onlin safeti act : explain - gov.uk,anti-regulation
89％ seek regul of ai-gener misinform in japan - asianews.network,anti-regulation
the challeng of regul disinform - promarket,pro-regulation
disinform nation : what can we do to crack the code ? - uc berkeley,anti-regulation
opinion | regul frontier ai to avoid misinform - the wall street journal,pro-regulation
how to respond to disinform while protect free speech - reuter institut,pro-regulation
"goa ’ s fix to counter tourist ‘ misinform ’ : regul taxi fare , streamlin beach wed - the indian express",anti-regulation
should govern regul social media misinform ? - divid we fall,anti-regulation
pakistan plan to regul social media through legisl - the diplomat,pro-regulation
brazilian judg regul elect … and ai - verfassungsblog,pro-regulation
get disinform right - the regulatori review,anti-regulation
australian research launch global misinform databas - ac,anti-regulation
adob ceo on new era of gener ai and tackl misinform - the washington post,anti-regulation
algorithm are push ai-gener falsehood at an alarm rate . how do we stop thi ? - the convers indonesia,anti-regulation
new tool track disinform law global - intern center for journalist,pro-regulation
the limit of deplatform - the regulatori review,pro-regulation
media watchdog will have more power to forc tech compani to crack down on disinform under new bill - abc news,anti-regulation
regul ai deepfak and synthet media in the polit arena - brennancenter.org,pro-regulation
'no pathway ' : govern drop controversi misinform bill amid senat opposit - sb news,anti-regulation
martha minow look at way govern can stop disinform - harvard gazett,anti-regulation
"regul polit misinform isn ’ t easi , but it ’ s necessari to protect democraci - the convers indonesia",neutral
"most american favor restrict on fals inform , violent content onlin - pew research center",anti-regulation
prevent misinform and disinform in onlin filter bubbl - common librari,anti-regulation
"regul essenti to curb ai for surveil , disinform : right expert - un news",pro-regulation
time to regul fake news industri - jamaica observ,anti-regulation
albanes govern must hold big tech account for misinform poison australia ’ s democraci - human right law centr,anti-regulation
chat about chatgpt regul - the regulatori review,pro-regulation
what will 2022 bring in the way of misinform on social media ? 3 expert weigh in - the convers,anti-regulation
fix disinform onlin - the american prospect,pro-regulation
full senat to take up pre-elect regul of ‘ deepfak ’ misinform - south dakota searchlight,anti-regulation
opinion | facebook is bad . fix it rashli could make it much wors . ( publish 2021 ) - the new york time,anti-regulation
the podcast problem - the regulatori review,anti-regulation
"if big tech ha the will , here are way research show self-regul can work - the convers indonesia",pro-regulation
it is time to pass law to protect voter against disinform - forb,pro-regulation
"rein in ai mean figur out which regul option are feasibl , both technic and econom - the convers indonesia",pro-regulation
european regul of onlin disinform may be a “ game changer ” in 2022 - columbia journal review,anti-regulation
rush to pass ‘ fake news ’ law dure covid-19 intensifi global media freedom challeng - intern press institut,anti-regulation
social media compani should self-regul . now . - hbr.org daili,pro-regulation
regul social media algorithm - the regulatori review,pro-regulation
restor trust in the media - the regulatori review,pro-regulation
move the needl on health disinform - think global health,pro-regulation
use scienc to guid social media regul - tech polici press,pro-regulation
"85 % of peopl worri about onlin disinform , global survey find - the guardian",anti-regulation
eye on ai : ai-gener misinform - white & case llp,anti-regulation
"state act , but can legisl slow ai-gener elect disinform ? - govern",neutral
hous leader bat for social media regul to curb fake news - pna.gov.ph,anti-regulation
regul elect in the unit state - the regulatori review,pro-regulation
fda head want 'better regul ' of what govern consid misinform - reason,anti-regulation
australia : onlin content regulatori wrap-up - globalcompliancenew,anti-regulation
social media compani profit from misinform - gw today,anti-regulation
whi social media fact-check promis too much - impakt,anti-regulation
"onlin misinform most like to be believ by ideolog extremist , new studi show - nyu news",anti-regulation
"maha kumbh mela : action taken against 53 social media account for spread misinform , say up polic - the hindu",anti-regulation
the rise of misinform and ai : develop tool to detect what ’ s real and the impact on upcom elect ( podcast ) - syracus univers news,pro-regulation
the “ wild west ” of cancer misinform onlin - harvard magazin,anti-regulation
when the truth no longer matter : how social media ’ s engag obsess is kill democraci - forb,pro-regulation
"address scienc misinform not by repeat the fact , but by build convers and commun - the convers",anti-regulation
democrat are twice as like as republican to say misinform on social media is a veri seriou problem - yougov us,anti-regulation
power-motiv social media user disproportion spread misinform | ucl news - ucl - univers colleg london,anti-regulation
what public discours get wrong about social media misinform - knowledg @ wharton,anti-regulation
social media is a grow vehicl for climat misinform - insideclim news,pro-regulation
distrust in food safeti and social media content moder — the monitor - kff,anti-regulation
attorney gener bonta urg top social media and ai execut to address elect misinform - california depart of justic,anti-regulation
"fake news , social media , and `` the death of truth '' - cb news",anti-regulation
watch chao through a screen : how social media is chang the way we follow extrem weather event - reuter institut,pro-regulation
australia drop plan to fine social media giant accus of enabl misinform - nbc news,anti-regulation
should social media compani be respons for fact-check their site ? - the new york time,anti-regulation
"‘ i can ’ t go toe to toe with social media. ’ top u.s. health offici reflect , regret . - the washington post",anti-regulation
misinform and disinform - britannica,anti-regulation
lawmak call for investig into social media-fuel hurrican misinform - nc newslin,anti-regulation
social media owner top global survey of misinform concern - the guardian,pro-regulation
feel outrag ? think twice befor hit “ share. ” - kellogg insight,anti-regulation
"see rise elect misinform , american say social media platform may bear respons for polit violenc - tech polici press",anti-regulation
how disinform defin the 2024 elect narr - brook institut,pro-regulation
spanish-languag social media increas latino ’ vulner to misinform - univers of california san diego,anti-regulation
social media is the new public health frontlin . let ’ s treat it that way . - harvard public health magazin,pro-regulation
"disinform vs misinform : how to spot fake news on the internet , social media - austin american-statesman",anti-regulation
"social media , advertis and misinform - nature.com",anti-regulation
social media ’ s role in fuel extrem and misinform - pb newshour,pro-regulation
address misinform about mental health with patient - apa psycholog news,anti-regulation
how republican push social media compani to stop fight elect misinform - cnn,anti-regulation
social media misinform is scare women about birth control - stat,anti-regulation
far-right populist much more like than the left to spread fake news – studi - the guardian,anti-regulation
"anti-vaccin disinform campaign , sunscreen myth , and counterfeit ozemp on social media — the monitor - kff",anti-regulation
australia threaten fine for social media giant enabl misinform - reuter,anti-regulation
"titusvil polic address officer-involv shoot , dispel social media misinform - talk of titusvil",anti-regulation
health want : misinform - rollin school of public health,anti-regulation
social media ’ s role in fuel extrem and misinform in a divid polit climat - pb newshour,pro-regulation
design social media to foster user engag in challeng misinform : a cross-cultur comparison between the uk and arab countri - nature.com,pro-regulation
nyu law forum debat govern effort to halt social media misinform - nyu law,anti-regulation
dissemin vs misinform : social media ’ s role in the evolut of cancer care - oncliv,pro-regulation
what public discours get wrong about misinform onlin - annenberg school for commun,anti-regulation
"review new scienc on social media , misinform , and partisan assort - tech polici press",pro-regulation
hierarch machin learn model can identifi stimuli of climat chang misinform on social media - nature.com,pro-regulation
"new studi shed light on misinform , news consumpt , and content moder - tech polici press",anti-regulation
climat misinform is rife on social media – and pois to get wors - the convers,anti-regulation
"social media and news fact sheet , 2024 - pew research center",pro-regulation
fir against 53 social media account - the time of india,anti-regulation
fir against 54 social media account for spread misinform on kumbh - the statesman,anti-regulation
"research consid the relationship between misinform , outrag , and the share of content on social media - tech polici press",anti-regulation
research find simpl correct can slow spread of misinform onlin - davidson news,anti-regulation
what public discours get wrong about social media misinform - fair observ,anti-regulation
"trump order govern not to infring on american ’ speech , call for censorship investig - the associ press",anti-regulation
"our outrag over social media post help misinform spread , studi show - phys.org",pro-regulation
help student spot misinform onlin - nation educ associ,pro-regulation
social media : disinform expert offer 3 safeti tip in a time of fake news and dodgi influenc - the convers,anti-regulation
teacher ' strike : social media 'misinform ' blame for deal be reject - bbc.com,anti-regulation
tackl misinform in mobil social network a bert-lstm approach for enhanc digit literaci - nature.com,pro-regulation
how social media compani are prepar for misinform after elect day - wbur news,anti-regulation
fir against 54 social media a/c for spread rumour - the time of india,anti-regulation
social media campaign tackl misinform about treacher darién jungl - unhcr,anti-regulation
differ in misinform share can lead to polit asymmetr sanction - nature.com,anti-regulation
"senat bill aim to curtail social media influenc , telehealth drug misinform - healio",anti-regulation
fir against 54 social media account for spread misinform on maha kumbh - opindia,anti-regulation
the 'sift ' strategi : a four-step method for spot misinform - bbc.com,pro-regulation
ai-gener misinform is everywher . id ’ ing it may be harder than you think - maryland today,anti-regulation
suprem court rule on social media affirm the first amend and the govern ’ s respons to protect the public from the harm of onlin misinform - free press,anti-regulation
multifacet strategi need to combat cancer misinform on social media - healio,pro-regulation
epidem model for misinform spread in digit network through a social intellig approach - nature.com,anti-regulation
misinform is win the war on misinform - vox.com,anti-regulation
claim about usaid fund are spread onlin . mani are not base on fact - the associ press,anti-regulation
"social media user ’ action , rather than bias polici , could drive differ in platform enforc - mit sloan news",neutral
rfk jr. amplifi tradit american skeptic and misinform - the mass media,pro-regulation
how hurrican milton and helen conspiraci theori took over social media - bbc.com,anti-regulation
our social media ‘ bespok realiti ’ - the bulwark,pro-regulation
"what are the link between social media algorithm , gener ai and the spread of harm content onlin ? - committe",anti-regulation
"thinkbeforeshar media campaign launch in kyrgyzstan to combat hate speech , misinform and to promot respons digit compet - unesco",anti-regulation
us suprem court allow govern to request remov of misinform on social media - the guardian us,anti-regulation
health misinform : expert advic on how to avoid it - medic news today,anti-regulation
wapo writer accus trump of 'govern censorship ' after back social media crackdown of 'misinform ' - fox news,anti-regulation
"unrest in the uk — social media , misinform , and crime rate challeng nation peac - vision of human",anti-regulation
whi you ’ re more like to solv your problem on a therapist ’ s sofa than on social media - cnn,anti-regulation
"social media firm , lawmak grappl with misinform ahead of 2024 vote - semafor",anti-regulation
tiktok and who are get togeth to help combat widespread health misinform on social media - the convers indonesia,pro-regulation
ask an expert : how ha ai chang misinform — and what doe that mean for consum ? - cal poli,anti-regulation
"reduc distrust in social media is not straightforward , comput scientist warn - william & mari",anti-regulation
australian govern drop bill on social media misinform - bloomberg,anti-regulation
what we do — and don ’ t — know about how misinform spread onlin - nature.com,pro-regulation
how to avoid fall for misinform and conspiraci theori - the washington post,anti-regulation
are fear about onlin misinform in the us elect overblown ? the evid suggest they might be - reuter institut,anti-regulation
suprem court allow white hous to request remov of misinform on social media - npr,anti-regulation
did social media promot misinform dure the summer 2024 riot ? - committe,anti-regulation
australia move to fine social media compani that spread misinform up to 5 % of global revenu - new york post,anti-regulation
"misinform thrive on outrag , studi find - psypost",anti-regulation
warn label from fact checker work — even if you don ’ t trust them - mit sloan news,pro-regulation
misinform run deeper than social media - computerweekly.com,anti-regulation
keir starmer warn social media firm after southport misinform fuel riot - reuter uk,anti-regulation
spain propos tighten rule on media to tackl fake news - reuter,anti-regulation
spain introduc bill to combat onlin fake news - the guardian,anti-regulation
feder trade commiss announc final rule ban fake review and testimoni - feder trade commiss news,anti-regulation
‘ draconian ’ law to control social media - busi record,pro-regulation
‘ fake news ’ legisl risk do more harm than good amid a record number of elect in 2024 - the convers,anti-regulation
the battl against misinform and disinform campaign : is your polic depart prepar ? - polic news,anti-regulation
behind bar for fake news : immin threat to media freedom in cypru - intern press institut,anti-regulation
spain 's propos to reform media law seen as threat to press freedom - voic of america english news,anti-regulation
spain to tighten law to combat spread of fake news onlin and over social media - surinenglish.com,anti-regulation
editori | qualiti journal to benefit from hong kong shelv law against fake news - south china morn post,pro-regulation
hong kong will shelv fake news law if media is ‘ profession ’ - bloomberg,anti-regulation
"law on fake news may be use vs. activist , journalist , professor warn - gma news onlin",anti-regulation
"journalist will onli report on weather if peca is enforc , ihc told - the express tribun",anti-regulation
a lawsuit against perplex call out fake news ai hallucin - wire,anti-regulation
new european law aim to protect media outlet against disinform - the convers,pro-regulation
who ’ s worri about the peca amend bill ? - pakistan today,anti-regulation
channel 4 boss call for urgent action and regul to protect gen z from fake news - prolif north,pro-regulation
fact check : how to spot fake news ahead of eu elect - dw ( english ),anti-regulation
the row between elon musk and brazil ’ s suprem court over free speech and fake news - brazil,anti-regulation
deconstruct regul - the news intern,anti-regulation
c4 ceo call for regul to protect gen z from fals news - advanc televis,pro-regulation
( pdf ) the impact of fake news on public trust in tradit media outlet - researchg,pro-regulation
hong kong leader john lee say no need for law target fake news - south china morn post,anti-regulation
"no need for ‘ fake news ’ law as long as media industri practic self-disciplin , hong kong leader john lee say - hong kong free press",anti-regulation
"self-regul the onli way to avoid govt interfer in news , panel told - hindustan time",anti-regulation
ofcom told to chang outdat report rule to counter elect day fake news - the independ,anti-regulation
factbox : 'fake news ' law around the world - reuter,anti-regulation
vlogger question hous ‘ fake news ’ probe at sc - inquirer.net,anti-regulation
"bombay hc red line on fake news vs free speech : judici review , not govern stamp - the indian express",anti-regulation
"hire factcheck to fight elect fake news , eu tell tech firm - the guardian",anti-regulation
brazil push back on big tech firm ' campaign against 'fake news law ' - reuter canada,anti-regulation
singapor : ‘ fake news ’ law curtail speech - human right watch,anti-regulation
minist shaza fatima confirm cybercrim law chang ‘ to curb fake news ’ - pakistan - dawn.com,anti-regulation
counter fake news - the express tribun,anti-regulation
opinion | the law were suppos to attack ‘ fake news. ’ now they are jail journalist - poynter,anti-regulation
"brazil defin rule for ai in elect , candid could lose mandat if they use tool to spread fake news - brazil",anti-regulation
global news media on defens after putin sign 'fake news ' law - reuter uk,anti-regulation
world press freedom day : india ’ s “ fake news ” law must not censor journalist - access,anti-regulation
hong kong leader flag 'fake news ' law as worri over media freedom grow - reuter,anti-regulation
the promis and peril of brazil ’ s fake news law - rest of world,pro-regulation
censori govern are abus “ fake news ” law - the economist,anti-regulation
counter disinform effect : an evidence-bas polici guid - carnegi endow for intern peac,pro-regulation
"brazil diari : brasilia tri again to regul tech , get platform to pay for news - tech polici press",anti-regulation
how latin american govern are fight fake news - america quarterli,anti-regulation
should ( can ) fake news be regul ? - foundat for econom educ,neutral
hmrc slam ‘ fake news ’ over new tax rule for peopl sell item onlin - the mirror,anti-regulation
turkey ’ s new disinform law affect more than meet the eye - carnegi endow for intern peac,pro-regulation
russia expand law crimin ‘ fake news ’ - politico europ,anti-regulation
"it committe to take up discuss on impact of ai , social media regul , fake news , ott - moneycontrol",pro-regulation
brazil receiv pushback from tech compani on ‘ fake news ’ bill - the guardian,anti-regulation
fake news bill : understand in 6 point the legisl be discuss in congress - conecta direito humano,anti-regulation
"cite “ fake news , ” singapor could be next to quash free express - freedom hous",anti-regulation
govern are make fake news a crime – but it could stifl free speech - the convers,anti-regulation
survey : 85 % favor regul for inform on social media - 朝日新聞,anti-regulation
regul onlin platform beyond the marco civil in brazil : the controversi `` fake news bill '' - tech polici press,pro-regulation
"more stick , less carrot : australia ’ s new approach to tackl fake news - the strategist",anti-regulation
eu warn microsoft ’ s bing could face probe over deepfak and fals news - politico europ,anti-regulation
'fake news ' bill in south korea get shelv amid outcri - the new york time,anti-regulation
"govt urg to consid regul , support for influenc - nation thailand",pro-regulation
"‘ regul ha to be part of the answer ’ to combat onlin disinform , barack obama said at stanford event - stanford univers news",pro-regulation
'chill ' : singapor 's 'fake news ’ law come into effect - the guardian,anti-regulation
whose respons is the truth ? whi brazil ’ s ‘ fake news ’ law keep stall . - the christian scienc monitor,anti-regulation
chang to cybercrim law to tighten noos on social media - dawn.com,anti-regulation
hasani : the media law will stop fake news - telegrafi,anti-regulation
fals claim obama 'repeal ' 1940 law block govern propaganda | fact check - usa today,anti-regulation
court 2024 : amend it rule on fake news quash ; dharavi project relief for adani group - the econom time,anti-regulation
"item - social media , misinform and the law - legal advic centr - qmul",anti-regulation
qatar : 5-year prison sentenc set for ‘ fake news ’ - human right watch,anti-regulation
doe anti-fak news regul improv the qualiti of capit market ? - eurekalert,neutral
"view stay divid on pofma five year on , but ha it help in tackl fake news ? - cna",neutral
"comelec ask : repeal rule on ai , social media - inquirer.net",anti-regulation
- digit journal : combat fake news and unlicens report - bernama,pro-regulation
vietnam to requir 24-hour take-down for `` fals '' social media content - reuter,anti-regulation
india ’ s top editor ’ bodi slam propos ‘ fake news ’ rule - al jazeera english,pro-regulation
bombay high court strike down it rule amend target ‘ fake news ’ on social media : “ ... vagu and he - the time of india,anti-regulation
chines govern advis call for law to ban ‘ fake news ’ | china - the guardian,anti-regulation
is my librari liabl for fake news ? - american librari,anti-regulation
"weekli tech recap : trai debunk fake news on otp delay from dec 1 , instagram get a locat share featur and more | mint - mint",anti-regulation
toc issu pofma order for say fake news law use to suppress dissent view - the strait time,anti-regulation
"china shut 100,000 fake news social media account , ramp up content cleanup - reuter",anti-regulation
deep fake news - the regulatori review,anti-regulation
five year of pofma : how ha the law been use to combat fake news ? - the strait time,pro-regulation
"ethiopia : disinform , fake news - the need for media regul - allafrica - top africa news",anti-regulation
russia fight back in inform war with jail warn - reuter,anti-regulation
china : disinform and use of advanc technolog - dialogo-americas.com,anti-regulation
a disinform delug on california polici - legal planet,anti-regulation
the fight against disinform : a persist challeng for democraci - foreign polici research institut,pro-regulation
strateg commun and counter inform manipul - european commiss,pro-regulation
document the assault on disinform and hate speech research - tech polici press,pro-regulation
trump ’ s victori ha open the disinform floodgat - foreign polici,pro-regulation
corpor polici to protect against disinform for young audienc : the case of tiktok - frontier,pro-regulation
meta say it will end fact-check as silicon valley prepar for trump - npr,anti-regulation
defin disinform across eu and vlop polici - edmo,pro-regulation
pro-immigr group eye tech polici to combat disinform - bloomberg govern,pro-regulation
address the impact of mis-/disinform and hate speech on civilian : evolv polici and practic from peacekeep and humanitarian actor - stimson center,pro-regulation
how young european citizen propos to combat disinform in democrat societi - scienc po,pro-regulation
big tech is still fail to tackl climat disinform - global wit,anti-regulation
"the right to contracept : state and feder action , misinform , and the court - kff",pro-regulation
"right-w disinform target dei , 'liber ' polici as la burn - franc 24 english",anti-regulation
research valid the danger of disinform - tech polici press,pro-regulation
youtub approv disinform ad in india ahead of gener elect - global wit,anti-regulation
what afd ’ s dark campaign in germani tell us about disinform - tech polici press,anti-regulation
will the oversight board final get meta to enforc it own polici on anti-tran hate and disinform ? - tech polici press,anti-regulation
public agreement with misinform about wind farm - nature.com,anti-regulation
joint letter on googl disinform polici - friend of the earth,pro-regulation
tiktok approv mislead elect disinform ad for public in ireland ahead of eu elect - global wit,anti-regulation
russia ’ s inform war in moldova - foreign polici research institut,anti-regulation
"immigr in the 2024 us presidenti elect campaign : polici stalem , disinform , and a call for mass deport - cidob",anti-regulation
whi counter climat misinform must be a prioriti - global govern forum,anti-regulation
"side event dure poc week : address the impact of mis-/disinform and hate speech on civilian evolv polici and practic from peacekeep and humanitarian actor ( thursday , 23 may 2024 15:00 – 17:00 edt | 21:00 – 23:00 cest ) - ocha",anti-regulation
"meta end fact-check , prompt fear of misinform - time",anti-regulation
fake news and disinform in southeast asia : how should asean respond ? - frontier,anti-regulation
from panic to polici : the limit of foreign propaganda and the foundat of an effect respons - texa nation secur review,pro-regulation
india ’ s fact-check react to meta ’ s polici chang - columbia journal review,pro-regulation
target countri should demand account from the pentagon and platform for covid disinform - tech polici press,anti-regulation
fact-check misinform about the lo angel wildfir and california water polici - pb newshour,anti-regulation
how russia invad wikipedia - foreign polici,anti-regulation
algorithm reliabl framework : polici for misinform and fake news - brunel univers news,pro-regulation
track the weapon of america 's polit system in favor of disinformation—and it export abroad - tech polici press,pro-regulation
there ’ s no dodg button for disinform - foreign polici,anti-regulation
( pdf ) the disinform playbook : how industri manipul the science-polici process—and how to restor scientif integr - researchg,pro-regulation
‘ massiv disinform campaign ’ is slow global transit to green energi - the guardian,anti-regulation
defend canada : the battl against ai-driven disinform - polici option,pro-regulation
research say media need gener ai polici to help navig misinform and disinform - phys.org,anti-regulation
disinform in poland – polici brief - visegrad insight,pro-regulation
russia ’ s global inform oper have grown up - foreign polici,pro-regulation
meta face e.u . investig over elect disinform - the new york time,anti-regulation
counter disinform - welcom to the unit nation,pro-regulation
b.c . elect test new polici to protect elect from digit threat - polici option,pro-regulation
"meta drop fact-check , loosen it content moder rule - techcrunch",anti-regulation
"dark forc , fake news : how partisan attack undermin yoon ’ s unif polici - nk news",anti-regulation
govern ’ s secret counter-disinform polici reveal - big brother watch,pro-regulation
ama adopt new polici aim at address public health disinform - american medic associ,neutral
evalu anti-misinform polici on social media - cepr,pro-regulation
the rise of disinform is a challeng and an opportun for uk foreign polici - politicshom,pro-regulation
"arkansa public polici panel : 60th anniversari , battl disinform - peopl 's action",pro-regulation
"whatsapp channel , use by million , ha no clear elect rule - politico",anti-regulation
alberta ’ s conserv parti invit climat disinform into polici debat - corpor knight magazin,pro-regulation
stop the world : secur democraci : counter disinform in 2024 - australian strateg polici institut,pro-regulation
how to counter disinform base on scienc - tech polici press,pro-regulation
what the fate of the stanford internet observatori mean for disinform research - tech polici press,pro-regulation
mathemat model of disinform and effect of mitig polici - nature.com,pro-regulation
gener ai and disinform - bipartisan polici center,pro-regulation
canadian elect are threaten by disinform - polici option,anti-regulation
india and taiwan 's diverg path to combat onlin disinform - tech polici press,anti-regulation
australian media need gener ai polici to help navig misinform and disinform - rmit univers,anti-regulation
"meta 's thread need a polici for elect disinform , vote group say - npr",anti-regulation
a short histori of eu anti-disinform polici - pubaffair bruxel,pro-regulation
trump call attempt to link him to project 2025 ‘ pure disinform ’ - the hill,anti-regulation
european democraci and counter-disinform : toward a new paradigm ? - carnegi endow for intern peac,pro-regulation
governor newsom sign nation-lead social media transpar measur - offic of governor gavin newsom,pro-regulation
disinform on tiktok : research and content moder polici - eu disinfolab,anti-regulation
disinform on facebook : research and content moder polici - eu disinfolab,anti-regulation
disinform : anti-who convoy head to geneva for world health assembl - health polici watch,anti-regulation
fight coronaviru misinform and disinform - center for american progress,pro-regulation
"from # yes2meat to beef checkoff , report show how to fight meat misinform - green queen media",anti-regulation
disinform : reliabl inform is essenti for democrat stabil - georg w. bush presidenti center,pro-regulation
isd contribut to shape the european commiss 's dg-clima polici regard climat mis- and disinform - institut for strateg dialogu,pro-regulation
psycholog inocul strategi to fight climat disinform across 12 countri - nature.com,pro-regulation
disinform on youtub : research and content moder polici - eu disinfolab,anti-regulation
how to combat fake news and disinform - brook institut,pro-regulation
"terror , extrem , disinform and artifici intellig : a primer for polici practition - institut for strateg dialogu",pro-regulation
an updat on our approach to us elect misinform - youtub offici blog,anti-regulation
big tech roll back misinform measur ahead of 2024 - axio,anti-regulation
how decad of disinform about fossil fuel halt u.s. climat polici - npr,anti-regulation
deconstruct the israel-hama disinform war - atlant council,anti-regulation
farmer ' protest exploit to spread fake news about eu climat polici : studi nail european far right - eunew,anti-regulation
twitter will no longer enforc it covid misinform polici - npr,anti-regulation
how social media platform ’ commun standard address influenc oper - carnegi endow for intern peac,pro-regulation
combat disinform wane at social media giant ( publish 2023 ) - the new york time,anti-regulation
a free pass for fake news ? the danger of meta ’ s new content polici - moneyweb,anti-regulation
disinform on telegram : research and content moder polici - eu disinfolab,anti-regulation
"april ’ s wild ride : twitter , pinterest move on disinform , then elon musk happen - the equat",anti-regulation
an updat on our work to keep peopl inform and limit misinform about covid-19 - meta store,pro-regulation
disinform isn ’ t just a problem for elect - foreign polici,anti-regulation
assess the problem of disinform - tech polici press,pro-regulation
the west is still oblivi to russia ’ s inform war - foreign polici,pro-regulation
safeguard democraci against disinform - german marshal fund,pro-regulation
inform disord - bipartisan polici center,anti-regulation
how longstand iranian disinform tactic target protest - the washington institut,anti-regulation
"twitter aim to crack down on misinform , includ mislead post about ukrain - npr",anti-regulation
how misinform is distort covid polici and behavior - brook institut,anti-regulation
onlin platform content moder servic market survey - openpr,pro-regulation
the far right ’ s war on content moder come to europ - tech polici press,anti-regulation
how trump ’ s execut order on onlin free speech could upend content moder - marketplac,anti-regulation
content moder in a new era for ai and autom - oversight board,pro-regulation
suprem court defer on state onlin content moder law - roll call,anti-regulation
"facebook , tiktok harden eu commit to tackl disinform -- but not x - etbrandequ",anti-regulation
eff statement on meta 's announc of revis to it content moder process - eff,neutral
"a polici primer for free express and content moder , part i : center public interest valu - public knowledg",pro-regulation
dutch ministri to check best practic for onlin content moder - euronew,pro-regulation
suprem court put content moder on solid legal ground - cyberscoop,anti-regulation
gcore launch advanc ai solut for real-tim onlin content moder and complianc - pr newswir,pro-regulation
"content moder servic market size report , 2030 - grand view research",pro-regulation
an advoc ’ s guid to autom content moder - tech polici press,pro-regulation
content moder in trump 's america is a polit minefield - mashabl,neutral
"a decis on content moder system , after all - tech polici press",pro-regulation
meta 's content moder chang are go to have a real world impact . it 's not go to be good . - tech polici press,anti-regulation
global digit polici roundup : januari 2025 - tech polici press,pro-regulation
the need to make content moder transpar - tech polici press,pro-regulation
transcript : mark zuckerberg announc major chang to meta 's content moder polici and oper - tech polici press,anti-regulation
content moder and platform observ in the digit servic act - tech polici press,pro-regulation
the evolv landscap of content moder : a recap on the influenc of onlin safeti legisl - disrupt competit project,pro-regulation
regul or repress ? govern influenc on polit content moder in india and thailand - carnegi endow for intern peac,anti-regulation
digit apartheid in gaza : unjust content moder at the request of israel ’ s cyber unit - eff,anti-regulation
will meta ’ s chang to content moder work ? - index on censorship,anti-regulation
x ’ s latest content find reveal troubl trend in ai moder - forb,pro-regulation
"a polici primer for free express and content moder , part ii : empow user choic - public knowledg",pro-regulation
meta is get rid of fact checker . zuckerberg acknowledg more harm content will appear on the platform now - cnn,anti-regulation
"meta ’ s new content polici will harm vulner user . if it realli valu free speech , it would make these chang - eff",neutral
meta end fact-check : a new era of content moder - ceo today,pro-regulation
"a polici primer for free express and content moder , part iii : safeguard user - public knowledg",pro-regulation
the fine line between content moder and censorship in the digit age - u.s. global investor,pro-regulation
more speech and fewer mistak - meta store,pro-regulation
"meta , facebook to drop fact-check : what doe thi mean for social media ? - al jazeera english",anti-regulation
suprem court protect the futur of content moder - the verg,pro-regulation
suprem court kick case about tech compani ’ first amend right back to lower court − but appear pois to block state from hamper onlin content moder - the convers,anti-regulation
the broadway play about content moder - the verg,neutral
"speaker : content moder is free speech , not censorship - cornel chronicl",anti-regulation
articl | trump sign order ‘ end feder censorship ’ of onlin content - politico pro,anti-regulation
whi big tech can ’ t solv the content moder problem - forb,anti-regulation
how polit broke content moder - columbia journal review,anti-regulation
more than 140 kenya facebook moder diagnos with sever ptsd - the guardian,anti-regulation
beyond moder : challeng big tech ’ s power in a troubl time for democraci - tech polici press,pro-regulation
so to speak podcast transcript : section 230 and onlin content moder - foundat for individu right and express,pro-regulation
content moder servic market size | cagr of 12 % - market.u,pro-regulation
whi moder can ’ t protect onlin commun on their own - hbr.org daili,anti-regulation
meta 's content moder decis get hill scrutini - axio,pro-regulation
transcript : dave willner on moder with ai at the institut for reboot social media - tech polici press,anti-regulation
meta shift from fact-check to crowdsourc spotlight compet approach in fight against misinform and hate speech - the convers,pro-regulation
follow musk 's lead : how meta 's eas content moder is redraw the digit landscap - dig watch updat,pro-regulation
the fallout of meta ’ s content moder overhaul - the verg,anti-regulation
the word censorship ha an actual mean : a defens of content moder - tech polici press,anti-regulation
what meta ’ s move to commun moder could mean for misinform - the convers,anti-regulation
"( pdf ) the ethic of ai in content moder : balanc privaci , free speech , and algorithm control - researchg",pro-regulation
is thi the end of 'content moder ? ' - substack.com,anti-regulation
wjc respond to meta announc on content moder - world jewish congress,anti-regulation
meta ’ s new community-driven approach to content moder - florida polit,pro-regulation
thi $ 2 billion content moder compani is tri to stop ai imag of child sexual abus - forb,anti-regulation
social media compani face global tug-of-war over free speech - the new york time,anti-regulation
hillari clinton warn 'we lose total control ' without social media content moder - wlo,anti-regulation
data show x ha significantli fewer moder staff than other platform - social media today,anti-regulation
"court allow scope act ’ s parent consent for texa minor onlin , strike down content moder mandat - kprc click2houston",anti-regulation
facebook moder move is a mistak . whi zuckerberg shouldn ’ t copi musk with meta and 5 other thing to know today . - barron 's,anti-regulation
whi outsourc is the key to build a world-class moder team - keyword studio,pro-regulation
9th circuit : provis of california ’ s content-moder law violat first amend - report committe for freedom of the press,anti-regulation
between hype and hesit : how ai can make us safer onlin - tech polici press,pro-regulation
analysi | suprem court say content moder is speech - the washington post,anti-regulation
doe eu content moder law impact free speech in america ? - straight arrow news,anti-regulation
navig onlin safeti : new legisl measur for child protect and content moder - cm lawnow,pro-regulation
the human cost of our ai-driven futur - noema magazin,pro-regulation
is gener ai the answer for the failur of content moder ? - just secur,anti-regulation
prevent and manag of law but aw content moder in xr platform - tech polici press,anti-regulation
"judg allow parent consent for texa kid ’ social media account , but block content moder requir - ksat san antonio",neutral
meta ’ s sharehold : we need transpar on content moder - access,neutral
meta to replac 'bias ' fact-check with moder by user - bbc.com,pro-regulation
meta ‘ will have to assess the risk ’ of fact-check and content moder say ofcom - uktn ( uk technolog news,neutral
whi the video game industri need a respons moder revolut - keyword studio,pro-regulation
regul onlin hate speech to avoid harm is not censorship - the express tribun,anti-regulation
"rule boost social media free speech protect , some say - roll call",pro-regulation
"on social media platform , who ’ s in charg ? - stand togeth",pro-regulation
user submiss - a comprehens approach to content moder in social media platform - indiaai,pro-regulation
meta content moder chang : what you need to know about the shift to commun note - economi middl east,neutral
the polit of platform regul : how govern shape onlin content moder - univers colleg london,pro-regulation
x ’ s moder mishap and the bipartisan misrepresent of free speech onlin - tech polici press,anti-regulation
new era and new risk : meta ’ s content moder reform and freedom of express onlin - michael geist -,pro-regulation
meta ’ s ‘ free speech ’ overhaul spark advertis ’ concern - financi time,anti-regulation
usa : suprem court issu import rule for free speech onlin - articl 19,anti-regulation
csam moder solut - wipro,pro-regulation
content moder and the uk 's onlin safeti act ( osa ) - mondaq news alert,neutral
suprem court to hear argument on onlin content moder - roll call,anti-regulation
the underworld of onlin content moder - the new yorker,anti-regulation
eu seek inform from x on content moder amid first major probe under new tech rule - cnbc,anti-regulation
ico releas guidanc on content moder and data protect - insid global tech,pro-regulation
x urg to answer content moder question - euronew,anti-regulation
polici & internet | pso journal - wiley onlin librari,pro-regulation
"syllabu : larg languag model , content moder , and polit commun - tech polici press",pro-regulation
keyword studio and commun sift elev their partnership to new height - keyword studio,pro-regulation
meta creat a ‘ suprem court ’ for content . then it threaten it fund . - the washington post,anti-regulation
is content moder compat with india ’ s safe harbor law ? - medianama.com,anti-regulation
what is digit sovereignti and how are countri approach it ? - world econom forum,anti-regulation
ken freeman receiv air traffic control associ ( atca ) award for atm-x digit inform platform ( dip ) - nasa,pro-regulation
how to give american back control of their digit ident - the nation interest onlin,pro-regulation
the afterlif of data : who control our digit legaci ? - informationweek,pro-regulation
"india ’ s digit sovereignti : balanc control , secur , and individu right – ope - eurasia review",pro-regulation
new iron mountain digit data/docu manag servic leverag mongodb atla - crn,pro-regulation
master data manag : the key to get more from your data - mckinsey,pro-regulation
russia step up digit authoritarian and repress in inform space - isw - rbc-ukrain,anti-regulation
the rise of digit authoritarian - freedom hous,pro-regulation
document manag : are you take it serious enough ? - bimplu,neutral
data privaci week : how to take control of your digit life - infosecur magazin,pro-regulation
"american and privaci : concern , confus and feel lack of control over their person inform - pew research center",anti-regulation
the era of borderless data is end ( publish 2022 ) - the new york time,anti-regulation
the polit of digit literaci and inform control : an import survey - bryan alexand,pro-regulation
afmc releas white paper on digit materiel manag - afmc.af.mil,pro-regulation
myanmar is the lead edg of digit authoritarian in southeast asia - the diplomat,pro-regulation
whi it ’ s so hard for user to control their data - hbr.org daili,anti-regulation
"1. view of data privaci risk , person data and digit privaci law - pew research center",pro-regulation
govern data manag for the digit age - mckinsey,pro-regulation
"how american view data privaci : tech compani , ai , regul , password and polici - pew research center",pro-regulation
the quiet evolut of vietnam ’ s digit authoritarian - the diplomat,pro-regulation
digit autocraci : maduro ’ s control of the venezuelan inform environ - atlant council,anti-regulation
take control of your person inform : how to delet your data from the internet - cnet,pro-regulation
design for censorship - mercat institut for china studi ( meric ),neutral
russia is use ‘ digit repress ’ to suppress dissent - scientif american,anti-regulation
"editori : digit technolog for tobacco control : novel data collect , studi design , and intervent - frontier",pro-regulation
"[ articl ] digit sovereignti in india : polici agenda , discours , power and capabl - scienc po",pro-regulation
confront digit authoritarian­ through digit democraci : lesson from taiwan - the diplomat,pro-regulation
inform technolog ( it ) - techtarget,pro-regulation
the new rule of data privaci - hbr.org daili,pro-regulation
the consumer-data opportun and the privaci imper - mckinsey,pro-regulation
digit - turner & townsend,pro-regulation
digit sovereignti : the fight to control data in the ai era - spicework news and insight,pro-regulation
what is the digit thread and how doe it help data manag in aerospac manufactur ? - engineering.com,pro-regulation
top 10 product inform manag ( pim ) system - cmswire,pro-regulation
how india take control of person data - deccan herald,pro-regulation
"russia : grow internet isol , control , censorship - human right watch",anti-regulation
digit surveil can help bring the coronaviru pandem under control – but also threaten privaci - the convers,pro-regulation
digit asset manag ( dam ) - techtarget,pro-regulation
explor the factor that inﬂuenc person - researchg,pro-regulation
fire at digit realti 's singapor data center `` under control '' - datacenterdynam,anti-regulation
"build inform model , digit twin creat green , smart cement factori - control global",pro-regulation
( pdf ) digit qualiti control of construct work - researchg,pro-regulation
web content manag system ( wcm ) - techtarget,pro-regulation
content manag ( cm ) - techtarget,pro-regulation
20 year of inform manag at heathrow airport - autodesk,pro-regulation
our data is our digit ident - and we need to reclaim control | cullen hoback - the guardian,pro-regulation
digit self-control - new econom foundat,pro-regulation
six benefit of align inform manag directli with digit transform - it brief australia,pro-regulation
big data : the manag revolut - hbr.org daili,pro-regulation
‘ digit coloni ’ : whi some countri want to take control of their peopl ’ s data from big tech - the convers,pro-regulation
europ ’ s digit competit law can give user more effect control of their data - bruegel,pro-regulation
us ensnar in china ’ s digit crackdown - the hill,anti-regulation
evolut of inform manag in the digit era - wipro,pro-regulation
covid kaya : a digit platform for covid-19 inform manag in the philippin - world health organ,pro-regulation
idg capit invest in digit inform manag platform develop flowu - pandaili,pro-regulation
data protect reform - parliament approv new rule fit for the digit era - european parliament,pro-regulation
are you in control of your digit footprint ? - the strait time,anti-regulation
whi is digit inform manag so import for nfp ? - pro bono australia,anti-regulation
bs 8644-1 digit manag of fire safeti inform : an inform manag perspect - bimplu,pro-regulation
googl updat it famili link parental-control system to give parent more monitor power - digit inform world,pro-regulation
meta look to give more user control over metric on instagram and thread with option reel view count and hidden repli - digit inform world,pro-regulation
how to control your content in googl ’ s ai overview - digit inform world,pro-regulation
five trend on digit inform manag - panamericanworld,pro-regulation
american agre : onlin overshar is out of control - digit inform world,anti-regulation
"googl expand it ad control to youtub , search result , and discov - digit inform world",pro-regulation
new poll reveal a major of american want more govern control of social media compani - digit inform world,anti-regulation
youtub might be give you more control over suggest - digit inform world,neutral
